{"inputUnits":[42],"outputUnits":2,"inputs":{"0":{"dtype":"number","min":144.97437814907423,"max":451.5418417916814},"1":{"dtype":"number","min":321.8042100584866,"max":450.33992000372376},"2":{"dtype":"number","min":168.02462433588474,"max":424.30427486169765},"3":{"dtype":"number","min":262.13680474241204,"max":435.96453426575044},"4":{"dtype":"number","min":193.08721158531702,"max":437.14827978528115},"5":{"dtype":"number","min":214.16247290893867,"max":400.5706109999259},"6":{"dtype":"number","min":196.98363280313606,"max":456.333629308594},"7":{"dtype":"number","min":179.79218143987933,"max":361.8182906866447},"8":{"dtype":"number","min":180.12171044006806,"max":471.33736640329766},"9":{"dtype":"number","min":148.5790941162934,"max":333.6217051914465},"10":{"dtype":"number","min":201.13316505476456,"max":474.0297140796494},"11":{"dtype":"number","min":251.19515389151002,"max":370.4064313856095},"12":{"dtype":"number","min":212.63149851193953,"max":513.2554312709584},"13":{"dtype":"number","min":195.0473560269997,"max":365.1829560428632},"14":{"dtype":"number","min":202.4696964601214,"max":526.576012970309},"15":{"dtype":"number","min":156.60135529865266,"max":370.83327757982266},"16":{"dtype":"number","min":192.93963995046596,"max":534.2694487183087},"17":{"dtype":"number","min":119.00363239432136,"max":368.1116304087345},"18":{"dtype":"number","min":195.8620122797828,"max":484.18829854921574},"19":{"dtype":"number","min":237.42209213078976,"max":412.8600032869085},"20":{"dtype":"number","min":202.12401692030372,"max":513.6902230677077},"21":{"dtype":"number","min":176.97031455933595,"max":403.08633163825095},"22":{"dtype":"number","min":200.8082902070159,"max":507.2069938266731},"23":{"dtype":"number","min":129.16600710696895,"max":399.7588161969349},"24":{"dtype":"number","min":198.8676981012593,"max":498.70657006346755},"25":{"dtype":"number","min":87.85042784595251,"max":398.9620844201733},"26":{"dtype":"number","min":165.92392713508175,"max":481.3250816894587},"27":{"dtype":"number","min":234.4663156386011,"max":448.10874660114115},"28":{"dtype":"number","min":172.67106741495536,"max":504.68041237726715},"29":{"dtype":"number","min":180.24079066207833,"max":436.50787719324575},"30":{"dtype":"number","min":172.9673955990525,"max":495.9935539603297},"31":{"dtype":"number","min":134.8938014795085,"max":431.5370181882727},"32":{"dtype":"number","min":173.54894945690972,"max":486.03666362210475},"33":{"dtype":"number","min":97.91547269262331,"max":432.3804686158765},"34":{"dtype":"number","min":137.88129444119994,"max":470.0754689715677},"35":{"dtype":"number","min":241.69614174667424,"max":475.1437637200617},"36":{"dtype":"number","min":139.136098332463,"max":488.1935384870698},"37":{"dtype":"number","min":198.06937686505717,"max":463.9370779746795},"38":{"dtype":"number","min":137.20525404290964,"max":481.1411899255104},"39":{"dtype":"number","min":164.25391301608659,"max":460.5695582662911},"40":{"dtype":"number","min":137.79852305474748,"max":472.4557598395538},"41":{"dtype":"number","min":131.51940574557966,"max":460.97053017546705}},"outputs":{"0":{"dtype":"string","min":0,"max":1,"uniqueValues":["Thumbs Up","Go Back"],"legend":{"Thumbs Up":[1,0],"Go Back":[0,1]}}},"isNormalized":true}