{"inputUnits":[63],"outputUnits":8,"inputs":{"0":{"dtype":"number","min":230.57305783705948,"max":1109.9237672696117},"1":{"dtype":"number","min":95.54414122794213,"max":634.8636492115461},"2":{"dtype":"number","min":-0.00521724671125412,"max":0.02488218992948532},"3":{"dtype":"number","min":301.16298450741465,"max":1069.9420200263785},"4":{"dtype":"number","min":129.42862661363367,"max":646.937632733987},"5":{"dtype":"number","min":-42.73576354980469,"max":40.901676177978516},"6":{"dtype":"number","min":371.2726115899817,"max":1005.252024875043},"7":{"dtype":"number","min":97.67674237447554,"max":670.595422767136},"8":{"dtype":"number","min":-73.46734619140625,"max":60.17823791503906},"9":{"dtype":"number","min":421.57698550702844,"max":960.3940661222729},"10":{"dtype":"number","min":58.75963258112279,"max":675.6992071995336},"11":{"dtype":"number","min":-96.76950073242188,"max":74.95783233642578},"12":{"dtype":"number","min":403.4702892519246,"max":965.2091466846268},"13":{"dtype":"number","min":35.360490620332826,"max":675.4611141732736},"14":{"dtype":"number","min":-125.92992401123047,"max":87.32195281982422},"15":{"dtype":"number","min":419.47488450568443,"max":923.6824751869192},"16":{"dtype":"number","min":34.912436185436874,"max":708.6521130608542},"17":{"dtype":"number","min":-94.78704071044922,"max":47.18379211425781},"18":{"dtype":"number","min":392.42106630068724,"max":911.5028830461259},"19":{"dtype":"number","min":28.753081858823307,"max":691.4523477497103},"20":{"dtype":"number","min":-131.54115295410156,"max":85.40109252929688},"21":{"dtype":"number","min":400.9145109802279,"max":944.2525484133662},"22":{"dtype":"number","min":50.366818730785035,"max":671.5548186092096},"23":{"dtype":"number","min":-142.88555908203125,"max":100.12725067138672},"24":{"dtype":"number","min":378.1005825241208,"max":969.5823663658203},"25":{"dtype":"number","min":67.87763862084591,"max":663.0942056659036},"26":{"dtype":"number","min":-146.5788116455078,"max":104.07250213623047},"27":{"dtype":"number","min":405.74116802701747,"max":905.4132468435572},"28":{"dtype":"number","min":22.31706281974634,"max":687.9078193071807},"29":{"dtype":"number","min":-88.62703704833984,"max":39.32061767578125},"30":{"dtype":"number","min":392.3379770960069,"max":906.5891384061877},"31":{"dtype":"number","min":19.23029754849184,"max":663.4870537862554},"32":{"dtype":"number","min":-127.49940490722656,"max":78.95059204101562},"33":{"dtype":"number","min":404.9177058238345,"max":891.1964579218686},"34":{"dtype":"number","min":46.06253149272179,"max":647.3894514905627},"35":{"dtype":"number","min":-127.00145721435547,"max":87.53177642822266},"36":{"dtype":"number","min":413.6261903996182,"max":923.2777482178094},"37":{"dtype":"number","min":63.270630973600376,"max":639.7961785461938},"38":{"dtype":"number","min":-136.87652587890625,"max":81.83799743652344},"39":{"dtype":"number","min":392.1018884994065,"max":897.9040163435583},"40":{"dtype":"number","min":16.829393793969302,"max":659.3569115973103},"41":{"dtype":"number","min":-84.86565399169922,"max":39.68193817138672},"42":{"dtype":"number","min":368.2389587276376,"max":903.6825334808018},"43":{"dtype":"number","min":22.51411348491051,"max":637.6829996481563},"44":{"dtype":"number","min":-116.32034301757812,"max":74.91056823730469},"45":{"dtype":"number","min":385.1902920557304,"max":898.0769977564664},"46":{"dtype":"number","min":48.906260857980854,"max":622.6488682225367},"47":{"dtype":"number","min":-108.67871856689453,"max":75.63558197021484},"48":{"dtype":"number","min":399.2591386275358,"max":900.4834506917804},"49":{"dtype":"number","min":60.875562672472064,"max":615.8712045932282},"50":{"dtype":"number","min":-113.77816009521484,"max":65.5416030883789},"51":{"dtype":"number","min":357.72220693905854,"max":909.4184102969988},"52":{"dtype":"number","min":13.56146818147036,"max":678.0821931889882},"53":{"dtype":"number","min":-83.95581817626953,"max":41.33207702636719},"54":{"dtype":"number","min":347.8311092695718,"max":889.8879502879097},"55":{"dtype":"number","min":28.55553621822186,"max":664.644695645348},"56":{"dtype":"number","min":-103.3399429321289,"max":69.24397277832031},"57":{"dtype":"number","min":342.10787754375605,"max":879.1230950441432},"58":{"dtype":"number","min":52.959157422334826,"max":643.366869156213},"59":{"dtype":"number","min":-105.26787567138672,"max":67.12151336669922},"60":{"dtype":"number","min":316.88909370440183,"max":888.4141049703916},"61":{"dtype":"number","min":61.059716649964244,"max":634.231934876703},"62":{"dtype":"number","min":-105.8704605102539,"max":59.344268798828125}},"outputs":{"0":{"dtype":"string","min":0,"max":1,"uniqueValues":["OK","Thumbs Up","Fist","Point Up","Point Down","Three Left","Three Right","Thumbs Down"],"legend":{"OK":[1,0,0,0,0,0,0,0],"Thumbs Up":[0,1,0,0,0,0,0,0],"Fist":[0,0,1,0,0,0,0,0],"Point Up":[0,0,0,1,0,0,0,0],"Point Down":[0,0,0,0,1,0,0,0],"Three Left":[0,0,0,0,0,1,0,0],"Three Right":[0,0,0,0,0,0,1,0],"Thumbs Down":[0,0,0,0,0,0,0,1]}}},"isNormalized":true}