{"inputUnits":[63],"outputUnits":11,"inputs":{"0":{"dtype":"number","min":399.53493875955314,"max":957.578811466352},"1":{"dtype":"number","min":120.30060013411156,"max":701.1979173297914},"2":{"dtype":"number","min":-0.005948171019554138,"max":0.007357321679592133},"3":{"dtype":"number","min":485.89388835062243,"max":910.1318191138325},"4":{"dtype":"number","min":68.06230937702702,"max":651.5082207319963},"5":{"dtype":"number","min":-50.43324661254883,"max":24.428863525390625},"6":{"dtype":"number","min":561.5612263307776,"max":848.8489042927177},"7":{"dtype":"number","min":61.73362238718232,"max":562.2439482017014},"8":{"dtype":"number","min":-82.02330017089844,"max":36.45529556274414},"9":{"dtype":"number","min":511.3159682145457,"max":803.7753540895554},"10":{"dtype":"number","min":96.55622099081862,"max":487.92422768644394},"11":{"dtype":"number","min":-100.14674377441406,"max":44.604637145996094},"12":{"dtype":"number","min":468.2926027316372,"max":795.4298994653386},"13":{"dtype":"number","min":149.26941382119284,"max":522.1878740611769},"14":{"dtype":"number","min":-122.81793975830078,"max":52.85060501098633},"15":{"dtype":"number","min":553.1478153974668,"max":779.5217064473921},"16":{"dtype":"number","min":28.14962138509827,"max":493.4470028828665},"17":{"dtype":"number","min":-92.69865417480469,"max":30.115541458129883},"18":{"dtype":"number","min":520.654281026686,"max":796.2850429452338},"19":{"dtype":"number","min":109.19626989671309,"max":472.21187628062614},"20":{"dtype":"number","min":-118.29598236083984,"max":57.915218353271484},"21":{"dtype":"number","min":494.2483877439242,"max":864.1324077909801},"22":{"dtype":"number","min":149.495220852074,"max":526.3035902249848},"23":{"dtype":"number","min":-128.81808471679688,"max":65.44602966308594},"24":{"dtype":"number","min":470.44305942979884,"max":919.4698838255603},"25":{"dtype":"number","min":110.69566925963875,"max":578.919137744672},"26":{"dtype":"number","min":-140.672119140625,"max":61.769981384277344},"27":{"dtype":"number","min":508.4189236496345,"max":827.188648207878},"28":{"dtype":"number","min":88.48646455309573,"max":488.0033510294666},"29":{"dtype":"number","min":-84.0207748413086,"max":26.781204223632812},"30":{"dtype":"number","min":523.5823668236139,"max":798.5255811671282},"31":{"dtype":"number","min":190.36885213113015,"max":503.3269847596616},"32":{"dtype":"number","min":-113.80485534667969,"max":57.79677200317383},"33":{"dtype":"number","min":523.8758468938893,"max":860.9865399753812},"34":{"dtype":"number","min":138.40569238769427,"max":493.2236524245367},"35":{"dtype":"number","min":-126.02725219726562,"max":59.455345153808594},"36":{"dtype":"number","min":492.8991017248735,"max":910.3867367701242},"37":{"dtype":"number","min":75.32583438116052,"max":502.76482882382373},"38":{"dtype":"number","min":-135.34552001953125,"max":49.75114440917969},"39":{"dtype":"number","min":474.8387772286171,"max":867.4365407619649},"40":{"dtype":"number","min":147.7127129458607,"max":538.4052817640775},"41":{"dtype":"number","min":-78.26188659667969,"max":26.414073944091797},"42":{"dtype":"number","min":477.3634828506135,"max":836.0152673459372},"43":{"dtype":"number","min":196.73128399840107,"max":538.6472628815088},"44":{"dtype":"number","min":-105.6769027709961,"max":54.01462936401367},"45":{"dtype":"number","min":488.5800931168164,"max":853.9251467030546},"46":{"dtype":"number","min":160.181458078123,"max":529.383788676289},"47":{"dtype":"number","min":-105.48880004882812,"max":49.1282844543457},"48":{"dtype":"number","min":487.9795247059684,"max":899.4054095636161},"49":{"dtype":"number","min":103.85279685688383,"max":528.4824079204269},"50":{"dtype":"number","min":-105.91312408447266,"max":36.30372619628906},"51":{"dtype":"number","min":435.6882923277573,"max":900.7066497698888},"52":{"dtype":"number","min":174.15346564012475,"max":595.9500408107278},"53":{"dtype":"number","min":-78.671142578125,"max":27.145706176757812},"54":{"dtype":"number","min":411.04189419943214,"max":870.9296942171891},"55":{"dtype":"number","min":177.54784116052284,"max":580.4431231762509},"56":{"dtype":"number","min":-95.50943756103516,"max":48.572792053222656},"57":{"dtype":"number","min":400.4481264538716,"max":858.4947198550558},"58":{"dtype":"number","min":189.0442209231351,"max":573.0067637795914},"59":{"dtype":"number","min":-100.4453353881836,"max":46.36623001098633},"60":{"dtype":"number","min":396.98739463849256,"max":865.0886454369473},"61":{"dtype":"number","min":170.39093567650195,"max":573.6876626624601},"62":{"dtype":"number","min":-100.80322265625,"max":37.18482971191406}},"outputs":{"0":{"dtype":"string","min":0,"max":1,"uniqueValues":["OK","Go Back","Thumbs Up","Fist","Point Up","Point Down","Point left","Point Right","Three Left","Three Right","Thumbs Down"],"legend":{"OK":[1,0,0,0,0,0,0,0,0,0,0],"Go Back":[0,1,0,0,0,0,0,0,0,0,0],"Thumbs Up":[0,0,1,0,0,0,0,0,0,0,0],"Fist":[0,0,0,1,0,0,0,0,0,0,0],"Point Up":[0,0,0,0,1,0,0,0,0,0,0],"Point Down":[0,0,0,0,0,1,0,0,0,0,0],"Point left":[0,0,0,0,0,0,1,0,0,0,0],"Point Right":[0,0,0,0,0,0,0,1,0,0,0],"Three Left":[0,0,0,0,0,0,0,0,1,0,0],"Three Right":[0,0,0,0,0,0,0,0,0,1,0],"Thumbs Down":[0,0,0,0,0,0,0,0,0,0,1]}}},"isNormalized":true}