{"inputUnits":[42],"outputUnits":2,"inputs":{"0":{"dtype":"number","min":562.0646949179062,"max":1049.1054288822008},"1":{"dtype":"number","min":443.2190310868338,"max":520.2564558238196},"2":{"dtype":"number","min":495.59699306283653,"max":1025.365993744725},"3":{"dtype":"number","min":341.89594324758116,"max":470.9942294558989},"4":{"dtype":"number","min":446.789925468883,"max":978.9143224439183},"5":{"dtype":"number","min":263.0974954346358,"max":424.9121044562211},"6":{"dtype":"number","min":405.18700020499847,"max":942.6103521793021},"7":{"dtype":"number","min":194.0167023414523,"max":394.6776031168411},"8":{"dtype":"number","min":386.3453354873198,"max":936.4173941533794},"9":{"dtype":"number","min":117.37328667713084,"max":367.0492992745585},"10":{"dtype":"number","min":404.97240163556353,"max":906.748855194684},"11":{"dtype":"number","min":292.4655043317461,"max":384.6427126811356},"12":{"dtype":"number","min":349.21664019334617,"max":832.2256468000307},"13":{"dtype":"number","min":234.50686324504466,"max":388.8686312956444},"14":{"dtype":"number","min":380.5632713685502,"max":843.4410572619457},"15":{"dtype":"number","min":240.33187414090406,"max":395.4193465435827},"16":{"dtype":"number","min":407.2866601331943,"max":854.8809989548814},"17":{"dtype":"number","min":244.59754251253696,"max":402.4898703730612},"18":{"dtype":"number","min":389.80840235145075,"max":890.8409180604019},"19":{"dtype":"number","min":274.3137900883949,"max":447.4891432620259},"20":{"dtype":"number","min":347.73450520361484,"max":882.0397822025914},"21":{"dtype":"number","min":193.27330294069873,"max":453.2039985034928},"22":{"dtype":"number","min":384.34279436272016,"max":893.8715828437914},"23":{"dtype":"number","min":131.91638027414865,"max":453.3393321580335},"24":{"dtype":"number","min":413.2759410701185,"max":905.1965454853719},"25":{"dtype":"number","min":78.24565903843919,"max":449.8923212522741},"26":{"dtype":"number","min":393.8866480478557,"max":920.7862865493993},"27":{"dtype":"number","min":274.2376262162371,"max":501.73851391593655},"28":{"dtype":"number","min":359.3965138088844,"max":939.7875521240994},"29":{"dtype":"number","min":192.83952812537123,"max":501.1995968178305},"30":{"dtype":"number","min":395.2174950091271,"max":960.2735110039525},"31":{"dtype":"number","min":131.06384751188756,"max":494.51528335537637},"32":{"dtype":"number","min":422.3112329508687,"max":978.9343926783476},"33":{"dtype":"number","min":84.21459873518683,"max":490.1748840233072},"34":{"dtype":"number","min":407.21072404519543,"max":949.4737615293332},"35":{"dtype":"number","min":294.43230662297526,"max":547.7316611644997},"36":{"dtype":"number","min":383.1663104514835,"max":973.1329039123584},"37":{"dtype":"number","min":234.58143237701705,"max":541.8776043401814},"38":{"dtype":"number","min":409.726545146174,"max":989.9295392082142},"39":{"dtype":"number","min":194.08696203323066,"max":532.0844678809058},"40":{"dtype":"number","min":431.5344656155072,"max":1008.4391130681502},"41":{"dtype":"number","min":154.98779168936804,"max":526.1500284580432}},"outputs":{"0":{"dtype":"string","min":0,"max":1,"uniqueValues":["OK","Thumbs Up"],"legend":{"OK":[1,0],"Thumbs Up":[0,1]}}},"isNormalized":true}