{"inputUnits":[42],"outputUnits":3,"inputs":{"0":{"dtype":"number","min":228.52382929218845,"max":1114.9727977265554},"1":{"dtype":"number","min":288.0754199124721,"max":606.4436930501035},"2":{"dtype":"number","min":263.48893000224723,"max":1072.570533305988},"3":{"dtype":"number","min":270.10525243279767,"max":598.0769203216603},"4":{"dtype":"number","min":291.38956859681434,"max":1023.9567664368634},"5":{"dtype":"number","min":199.14336950135527,"max":569.5970955740754},"6":{"dtype":"number","min":248.7068001031453,"max":1057.0805906077358},"7":{"dtype":"number","min":132.26335143358347,"max":553.4946140870333},"8":{"dtype":"number","min":213.20357627608192,"max":1084.3779473580332},"9":{"dtype":"number","min":63.85054780313919,"max":531.164386356347},"10":{"dtype":"number","min":278.90605172794915,"max":1041.8824014877077},"11":{"dtype":"number","min":215.79852604627655,"max":493.12902391073874},"12":{"dtype":"number","min":245.68164301239355,"max":1087.5060151087068},"13":{"dtype":"number","min":185.34208221134776,"max":468.8047280204854},"14":{"dtype":"number","min":226.99307316026108,"max":1068.3249530724186},"15":{"dtype":"number","min":125.60740737106747,"max":471.4684608425746},"16":{"dtype":"number","min":212.02452687613413,"max":1066.9331799738484},"17":{"dtype":"number","min":65.16430989871253,"max":508.50724163117593},"18":{"dtype":"number","min":287.027365375695,"max":1056.826113550755},"19":{"dtype":"number","min":230.55135521820705,"max":508.65647942713326},"20":{"dtype":"number","min":248.30173810727916,"max":1086.5214753367893},"21":{"dtype":"number","min":150.2583337072938,"max":497.8482591407011},"22":{"dtype":"number","min":226.63901299629623,"max":1056.2831529160967},"23":{"dtype":"number","min":89.6869883484149,"max":495.10535366629125},"24":{"dtype":"number","min":207.06812594431264,"max":1039.8387898082474},"25":{"dtype":"number","min":34.927676705433214,"max":500.53069753709315},"26":{"dtype":"number","min":271.29524939965194,"max":1053.1324181264913},"27":{"dtype":"number","min":220.79296653189016,"max":566.8478849543836},"28":{"dtype":"number","min":241.11441642655365,"max":1068.136519636519},"29":{"dtype":"number","min":157.67878208183967,"max":545.7847546436009},"30":{"dtype":"number","min":218.37877351020347,"max":1036.3497812726698},"31":{"dtype":"number","min":99.88439907235716,"max":540.6244496203402},"32":{"dtype":"number","min":196.95898975892004,"max":1011.9916656088774},"33":{"dtype":"number","min":45.67537508729015,"max":545.8196968661969},"34":{"dtype":"number","min":250.95472590808356,"max":1039.5221437318187},"35":{"dtype":"number","min":206.69440759167776,"max":614.6549467358345},"36":{"dtype":"number","min":219.07034210548898,"max":1053.0176654982579},"37":{"dtype":"number","min":172.59953456947358,"max":592.1407056885394},"38":{"dtype":"number","min":192.4295873965768,"max":1028.7728355765653},"39":{"dtype":"number","min":153.89113343559518,"max":583.8210040014695},"40":{"dtype":"number","min":169.45887162295224,"max":1033.874340865213},"41":{"dtype":"number","min":112.55567073655115,"max":584.9114754367336}},"outputs":{"0":{"dtype":"string","min":0,"max":1,"uniqueValues":["OK","Go Back","Thumbs Up"],"legend":{"OK":[1,0,0],"Go Back":[0,1,0],"Thumbs Up":[0,0,1]}}},"isNormalized":true}