{"inputUnits":[42],"outputUnits":2,"inputs":{"0":{"dtype":"number","min":207.52452368875976,"max":1062.1720482812668},"1":{"dtype":"number","min":295.1677299135274,"max":709.1780131152236},"2":{"dtype":"number","min":271.8727600722089,"max":1019.7336436417646},"3":{"dtype":"number","min":297.5615024176009,"max":651.5570769306382},"4":{"dtype":"number","min":279.8179586384034,"max":1058.8856517106394},"5":{"dtype":"number","min":239.30093021037916,"max":596.8004952982808},"6":{"dtype":"number","min":240.54794324564153,"max":1099.8766943671687},"7":{"dtype":"number","min":195.748987266837,"max":577.4032238804471},"8":{"dtype":"number","min":196.34046435042262,"max":1136.173412578139},"9":{"dtype":"number","min":149.5459006847143,"max":560.381233978864},"10":{"dtype":"number","min":286.43484121963144,"max":1023.6508269697142},"11":{"dtype":"number","min":112.36382470247183,"max":530.7823504775838},"12":{"dtype":"number","min":285.5252501465111,"max":1058.5091475995214},"13":{"dtype":"number","min":42.999851635937816,"max":504.6796346637715},"14":{"dtype":"number","min":265.2909795813748,"max":1087.2253498213245},"15":{"dtype":"number","min":25.311772485590325,"max":504.1254976937001},"16":{"dtype":"number","min":261.652794071261,"max":1106.2525948214754},"17":{"dtype":"number","min":-2.9035814174974917,"max":512.6701515102839},"18":{"dtype":"number","min":246.65686313492787,"max":1040.7522880020474},"19":{"dtype":"number","min":99.91918460994282,"max":523.9358997135658},"20":{"dtype":"number","min":269.0226431839942,"max":1043.032448932617},"21":{"dtype":"number","min":0.37449500975269245,"max":489.1566043748554},"22":{"dtype":"number","min":283.4878651672739,"max":1081.19733926187},"23":{"dtype":"number","min":-43.89382616912877,"max":484.06763205923454},"24":{"dtype":"number","min":257.58181639046677,"max":1108.735056587175},"25":{"dtype":"number","min":-71.10042266983402,"max":502.2154280061902},"26":{"dtype":"number","min":201.3615274494722,"max":1077.7675498506967},"27":{"dtype":"number","min":110.77889392704415,"max":527.5647150217193},"28":{"dtype":"number","min":209.96079282834336,"max":1081.7455540280107},"29":{"dtype":"number","min":11.012029571769304,"max":495.75547887653295},"30":{"dtype":"number","min":212.26860937221204,"max":1085.467966485602},"31":{"dtype":"number","min":-41.99937362520123,"max":490.80187238237596},"32":{"dtype":"number","min":215.3334622872877,"max":1090.135615168191},"33":{"dtype":"number","min":-86.8363103009676,"max":496.9767225884005},"34":{"dtype":"number","min":148.0831010283332,"max":1108.9011039997515},"35":{"dtype":"number","min":144.01022783106305,"max":539.440642250986},"36":{"dtype":"number","min":142.34808944816277,"max":1130.506007880026},"37":{"dtype":"number","min":62.16840276732398,"max":512.8526060170917},"38":{"dtype":"number","min":133.08422157028608,"max":1147.4489568132951},"39":{"dtype":"number","min":9.071838608600785,"max":504.39140669728334},"40":{"dtype":"number","min":125.39959894138728,"max":1167.4916147211595},"41":{"dtype":"number","min":-39.28218970039089,"max":505.89548413727005}},"outputs":{"0":{"dtype":"string","min":0,"max":1,"uniqueValues":["OK","Go Back"],"legend":{"OK":[1,0],"Go Back":[0,1]}}},"isNormalized":true}