{"inputUnits":[42],"outputUnits":4,"inputs":{"0":{"dtype":"number","min":381.9011354272145,"max":850.748716252023},"1":{"dtype":"number","min":182.85650459352198,"max":614.3967845687565},"2":{"dtype":"number","min":371.5806749661779,"max":790.4159747183488},"3":{"dtype":"number","min":213.41179342764548,"max":519.4572346600162},"4":{"dtype":"number","min":388.9582326418671,"max":754.2999400319776},"5":{"dtype":"number","min":223.7101805392957,"max":564.8847641293895},"6":{"dtype":"number","min":414.5246108860073,"max":738.3240818188511},"7":{"dtype":"number","min":213.5074811348324,"max":606.3059976660926},"8":{"dtype":"number","min":444.05867245389965,"max":755.0238032001926},"9":{"dtype":"number","min":219.78449175925104,"max":634.1656734911454},"10":{"dtype":"number","min":463.31384960044744,"max":761.9146165900272},"11":{"dtype":"number","min":256.7340607690186,"max":600.8141496980212},"12":{"dtype":"number","min":409.5881264826402,"max":759.4368941994251},"13":{"dtype":"number","min":199.25373960419003,"max":677.5284586061066},"14":{"dtype":"number","min":367.40883572052667,"max":785.1466630991433},"15":{"dtype":"number","min":151.88829505159396,"max":692.2089876146536},"16":{"dtype":"number","min":336.1891995093805,"max":822.7753044668106},"17":{"dtype":"number","min":115.09240745880805,"max":687.1732997732586},"18":{"dtype":"number","min":468.8318127495404,"max":797.2327928292717},"19":{"dtype":"number","min":238.50386195861887,"max":605.1319765283223},"20":{"dtype":"number","min":457.0653455349726,"max":768.2820153399848},"21":{"dtype":"number","min":226.8860783526382,"max":686.2456415488825},"22":{"dtype":"number","min":475.9811056735971,"max":769.1820555126972},"23":{"dtype":"number","min":206.17930400467978,"max":688.3434050403117},"24":{"dtype":"number","min":452.5376835886219,"max":778.9154602319297},"25":{"dtype":"number","min":181.65570085613012,"max":674.8132472342403},"26":{"dtype":"number","min":476.38744973663097,"max":831.4042728727354},"27":{"dtype":"number","min":208.55260930239032,"max":602.4899431419673},"28":{"dtype":"number","min":481.11273223176727,"max":806.4109297210937},"29":{"dtype":"number","min":213.68059808272875,"max":679.7271487926939},"30":{"dtype":"number","min":476.08616398683716,"max":803.0250513686724},"31":{"dtype":"number","min":228.08238169907708,"max":678.4548239767004},"32":{"dtype":"number","min":450.7661441986703,"max":810.2444515088993},"33":{"dtype":"number","min":235.119210418482,"max":664.0149424354912},"34":{"dtype":"number","min":485.01143242893045,"max":866.5757497682359},"35":{"dtype":"number","min":183.35357191246032,"max":596.6271696871754},"36":{"dtype":"number","min":484.5893533523121,"max":841.4039204197901},"37":{"dtype":"number","min":187.83858056991704,"max":661.5554185330634},"38":{"dtype":"number","min":484.0190813320489,"max":827.8058142903158},"39":{"dtype":"number","min":201.28123284176547,"max":671.1384523946556},"40":{"dtype":"number","min":480.2004971854958,"max":828.1154800756558},"41":{"dtype":"number","min":200.6321444759724,"max":666.9349026831519}},"outputs":{"0":{"dtype":"string","min":0,"max":1,"uniqueValues":["Left","Right","Up","Down"],"legend":{"Left":[1,0,0,0],"Right":[0,1,0,0],"Up":[0,0,1,0],"Down":[0,0,0,1]}}},"isNormalized":true}